{
  "config": "conf_routed bn32 vf 80ep (정본 고정, tau만 스윕)",
  "taus": [
    0.05,
    0.1,
    0.15,
    0.25,
    0.5,
    1.0
  ],
  "seeds": [
    42,
    1,
    7
  ],
  "results": {
    "0.05": {
      "val_mean": 0.9408593679584122,
      "val_std": 0.0005792729052941406,
      "test_mean": 0.9316582050823697,
      "test_std": 0.0013230575533842018,
      "route": {
        "cardiac_ECG": 0.7756690382957458,
        "impact_IMU": 0.9904830654462179,
        "hypoxia_SpO2": 0.9886500438054403
      }
    },
    "0.1": {
      "val_mean": 0.9443166149672884,
      "val_std": 0.0013448675921592633,
      "test_mean": 0.9345118311225065,
      "test_std": 0.0005008149924623194,
      "route": {
        "cardiac_ECG": 0.7463689049084982,
        "impact_IMU": 0.9658351937929789,
        "hypoxia_SpO2": 0.9735421339670817
      }
    },
    "0.15": {
      "val_mean": 0.9468483583289213,
      "val_std": 0.0010610836889884852,
      "test_mean": 0.9346804466639295,
      "test_std": 0.001809397587259452,
      "route": {
        "cardiac_ECG": 0.7075568636258444,
        "impact_IMU": 0.9119066993395487,
        "hypoxia_SpO2": 0.9402578075726827
      }
    },
    "0.25": {
      "val_mean": 0.9491201442829457,
      "val_std": 0.0004655829174343859,
      "test_mean": 0.9365373483936313,
      "test_std": 0.0038008307141608488,
      "route": {
        "cardiac_ECG": 0.613866945107778,
        "impact_IMU": 0.7887783050537109,
        "hypoxia_SpO2": 0.8325553139050802
      }
    },
    "0.5": {
      "val_mean": 0.9493874093392306,
      "val_std": 0.0007079174040200421,
      "test_mean": 0.9381219895925438,
      "test_std": 0.0044452435894158406,
      "route": {
        "cardiac_ECG": 0.4864461421966553,
        "impact_IMU": 0.5935632387797037,
        "hypoxia_SpO2": 0.6223937670389811
      }
    },
    "1.0": {
      "val_mean": 0.9489038860535536,
      "val_std": 0.0005966734839098276,
      "test_mean": 0.9379086725158924,
      "test_std": 0.005584839134524011,
      "route": {
        "cardiac_ECG": 0.4092837870121002,
        "impact_IMU": 0.46377237637837726,
        "hypoxia_SpO2": 0.47774799664815265
      }
    }
  }
}